ad_id,content_type,planned_budget,planned_impressions,planned_ctr,campaign_objective,flight_start,flight_end
A5630,Image,5295.7,76225,0.0993,Conversion,2025-02-01,2025-02-28
A6480,Text,1546.53,157473,0.0941,Awareness,2025-05-01,2025-05-28
A7800,Text,3664.41,81244,0.0475,Conversion,2025-05-01,2025-05-28
A1514,Video,5015.14,638508,0.0559,Brand Lift,2025-02-01,2025-02-28
A8366,Image,3869.07,341704,0.1048,Awareness,2025-02-01,2025-02-28
A7892,Text,5736.05,406778,0.0622,Conversion,2025-03-01,2025-03-28
A1927,Text,1266.58,448382,0.0477,Retargeting,2025-05-01,2025-05-28
A6049,Text,2483.91,95561,0.0984,Awareness,2025-04-01,2025-04-28
A8295,Image,1091.0,357419,0.1064,Retargeting,2025-05-01,2025-05-28
A4415,Image,1942.16,122933,0.0437,Conversion,2025-03-01,2025-03-28
A7148,Image,7889.16,294098,0.1093,Brand Lift,2025-03-01,2025-03-28
A3444,Image,3900.58,432554,0.053,Retargeting,2025-02-01,2025-02-28
A2970,Image,5526.31,785911,0.1149,Awareness,2025-05-01,2025-05-28
A9023,Video,5262.34,610086,0.0983,Conversion,2025-04-01,2025-04-28
A5257,Video,3345.92,721088,0.0951,Conversion,2025-03-01,2025-03-28
A3408,Video,6821.39,863694,0.0445,Awareness,2025-03-01,2025-03-28
A5769,Text,3508.74,119403,0.0569,Retargeting,2025-02-01,2025-02-28
A7990,Image,5415.79,464850,0.1108,Brand Lift,2025-02-01,2025-02-28
A9973,Video,2486.6,308607,0.0996,Retargeting,2025-05-01,2025-05-28
A1463,Image,3713.25,661878,0.072,Conversion,2025-02-01,2025-02-28
A6280,Image,4321.45,145325,0.1005,Awareness,2025-02-01,2025-02-28
A7924,Image,5205.85,880555,0.0944,Awareness,2025-04-01,2025-04-28
A1240,Video,3362.14,540785,0.0823,Awareness,2025-01-01,2025-01-28
A2258,Text,5612.83,613054,0.1001,Retargeting,2025-01-01,2025-01-28
A7126,Video,2701.25,215840,0.0763,Retargeting,2025-05-01,2025-05-28
A1402,Text,6214.72,582342,0.113,Retargeting,2025-05-01,2025-05-28
A3832,Video,5067.28,210263,0.0699,Conversion,2025-05-01,2025-05-28
A9109,Image,7651.25,606116,0.1135,Retargeting,2025-04-01,2025-04-28
A2318,Video,646.08,430612,0.1103,Retargeting,2025-02-01,2025-02-28
A8961,Image,934.44,644916,0.1158,Awareness,2025-04-01,2025-04-28
A4632,Text,6620.17,847549,0.0826,Conversion,2025-02-01,2025-02-28
A8130,Image,5448.13,626510,0.0532,Brand Lift,2025-02-01,2025-02-28
A2295,Image,7466.85,841952,0.0984,Conversion,2025-03-01,2025-03-28
A7968,Text,3492.44,754314,0.092,Brand Lift,2025-05-01,2025-05-28
A2938,Image,3886.15,309947,0.058,Retargeting,2025-01-01,2025-01-28
A7739,Text,4912.32,291292,0.0871,Awareness,2025-01-01,2025-01-28
A7129,Image,5808.81,111733,0.0583,Awareness,2025-03-01,2025-03-28
A2797,Image,1031.43,299565,0.0623,Brand Lift,2025-02-01,2025-02-28
A7625,Image,4544.25,808490,0.1148,Brand Lift,2025-02-01,2025-02-28
A9933,Image,6384.65,896721,0.0726,Awareness,2025-01-01,2025-01-28
A4559,Image,5442.37,421507,0.0739,Brand Lift,2025-01-01,2025-01-28
A2109,Video,5550.23,727568,0.0479,Brand Lift,2025-03-01,2025-03-28
A7168,Image,6504.44,164576,0.0599,Conversion,2025-05-01,2025-05-28
A7213,Text,3864.6,492374,0.0547,Brand Lift,2025-02-01,2025-02-28
A4562,Video,7058.64,129046,0.0755,Awareness,2025-01-01,2025-01-28
A9097,Text,5391.09,616847,0.1069,Awareness,2025-02-01,2025-02-28
A8996,Text,1747.33,559231,0.0785,Brand Lift,2025-01-01,2025-01-28
A5128,Text,1734.78,52260,0.1188,Retargeting,2025-04-01,2025-04-28
A9235,Text,2639.37,780429,0.1166,Brand Lift,2025-02-01,2025-02-28
A1459,Text,1924.23,278275,0.1175,Awareness,2025-03-01,2025-03-28
A4001,Image,928.74,662554,0.0781,Conversion,2025-01-01,2025-01-28
A4503,Image,7705.84,134002,0.1081,Awareness,2025-05-01,2025-05-28
A9752,Text,1009.71,296629,0.0723,Conversion,2025-05-01,2025-05-28
A5788,Text,4958.89,699468,0.0466,Retargeting,2025-03-01,2025-03-28
A1680,Text,2031.94,800981,0.0651,Retargeting,2025-04-01,2025-04-28
A6339,Video,1481.59,726856,0.064,Retargeting,2025-01-01,2025-01-28
A4473,Image,569.87,701332,0.1199,Awareness,2025-01-01,2025-01-28
A8525,Image,4532.26,580458,0.0612,Retargeting,2025-01-01,2025-01-28
A7970,Text,7094.53,437477,0.0628,Brand Lift,2025-05-01,2025-05-28
A2537,Image,5776.55,691390,0.1187,Awareness,2025-05-01,2025-05-28
A8957,Text,2745.34,745613,0.0483,Conversion,2025-03-01,2025-03-28
A6358,Text,1365.72,162235,0.0994,Conversion,2025-03-01,2025-03-28
A5802,Image,2613.17,270861,0.0974,Conversion,2025-03-01,2025-03-28
A7590,Image,4290.57,313319,0.1124,Awareness,2025-01-01,2025-01-28
A6648,Video,5257.13,340120,0.0435,Retargeting,2025-02-01,2025-02-28
A5902,Text,5278.35,324680,0.0529,Brand Lift,2025-05-01,2025-05-28
A8339,Image,5792.51,638153,0.0408,Awareness,2025-02-01,2025-02-28
A6580,Image,4591.93,437151,0.0866,Conversion,2025-04-01,2025-04-28
A1404,Image,1455.84,373232,0.0692,Awareness,2025-03-01,2025-03-28
A9976,Image,2075.57,311650,0.0934,Retargeting,2025-05-01,2025-05-28
A5519,Image,7131.01,476117,0.1179,Conversion,2025-02-01,2025-02-28
A5619,Video,6984.54,888742,0.1049,Brand Lift,2025-01-01,2025-01-28
A4493,Video,1845.2,398321,0.1026,Brand Lift,2025-02-01,2025-02-28
A1075,Image,2501.04,875622,0.0961,Brand Lift,2025-01-01,2025-01-28
A9863,Video,6939.45,283238,0.056,Brand Lift,2025-03-01,2025-03-28
A3093,Text,2788.93,883980,0.1097,Conversion,2025-01-01,2025-01-28
A9560,Text,5450.25,467821,0.0663,Awareness,2025-03-01,2025-03-28
A1175,Text,3133.6,584150,0.072,Retargeting,2025-01-01,2025-01-28
A9301,Text,1365.06,323903,0.0543,Retargeting,2025-01-01,2025-01-28
A9759,Text,1313.02,505673,0.0677,Retargeting,2025-04-01,2025-04-28
A2150,Image,5046.57,586265,0.0493,Conversion,2025-03-01,2025-03-28
A7951,Text,832.9,507239,0.0401,Conversion,2025-03-01,2025-03-28
A4295,Image,3734.73,746503,0.1137,Retargeting,2025-01-01,2025-01-28
A6389,Text,5898.16,364910,0.0806,Brand Lift,2025-03-01,2025-03-28
A1622,Image,3518.0,360016,0.0844,Conversion,2025-04-01,2025-04-28
A1545,Text,5486.97,447562,0.0942,Conversion,2025-05-01,2025-05-28
A7371,Video,4768.29,475800,0.0838,Awareness,2025-03-01,2025-03-28
A8563,Image,2651.85,500770,0.1029,Retargeting,2025-04-01,2025-04-28
A8620,Image,3813.4,758446,0.0571,Brand Lift,2025-02-01,2025-02-28
A9020,Text,5441.38,347571,0.0812,Retargeting,2025-01-01,2025-01-28
A4409,Video,6638.18,837625,0.0588,Retargeting,2025-02-01,2025-02-28
A9140,Image,6549.22,204511,0.042,Conversion,2025-04-01,2025-04-28
A3606,Video,5084.55,855819,0.0458,Brand Lift,2025-05-01,2025-05-28
A7914,Text,1958.26,780180,0.0707,Brand Lift,2025-02-01,2025-02-28
A5251,Text,1606.79,771024,0.0404,Awareness,2025-04-01,2025-04-28
A2721,Text,2141.31,893170,0.1166,Brand Lift,2025-01-01,2025-01-28
A6703,Text,4680.54,177253,0.0765,Brand Lift,2025-05-01,2025-05-28
A6419,Video,7909.19,674377,0.0654,Brand Lift,2025-05-01,2025-05-28
A9747,Video,6612.55,579298,0.0741,Brand Lift,2025-02-01,2025-02-28
A9042,Text,6077.42,547732,0.076,Conversion,2025-03-01,2025-03-28
A9724,Video,6243.6,596622,0.0788,Conversion,2025-03-01,2025-03-28
A4705,Video,3799.04,798206,0.0629,Retargeting,2025-03-01,2025-03-28
A7039,Text,2897.82,616390,0.0464,Conversion,2025-02-01,2025-02-28
A6525,Image,3372.76,210227,0.0965,Awareness,2025-04-01,2025-04-28
A7073,Text,3557.0,618969,0.0773,Awareness,2025-02-01,2025-02-28
A2131,Video,6746.68,458396,0.1124,Awareness,2025-05-01,2025-05-28
A9460,Image,3352.86,56182,0.1154,Retargeting,2025-04-01,2025-04-28
A3233,Image,6900.86,489375,0.0831,Conversion,2025-04-01,2025-04-28
A2803,Text,2145.66,507007,0.0789,Brand Lift,2025-03-01,2025-03-28
A7926,Image,5516.55,886912,0.0723,Conversion,2025-04-01,2025-04-28
A9044,Video,7396.56,702483,0.0827,Brand Lift,2025-05-01,2025-05-28
A2452,Text,4732.94,78418,0.0467,Brand Lift,2025-02-01,2025-02-28
A1250,Video,7001.39,240556,0.044,Brand Lift,2025-03-01,2025-03-28
A5864,Image,2087.45,392722,0.067,Brand Lift,2025-03-01,2025-03-28
A1722,Image,6140.07,492042,0.0602,Awareness,2025-04-01,2025-04-28
A8938,Image,645.37,615621,0.0442,Retargeting,2025-02-01,2025-02-28
A3026,Text,5376.08,869182,0.1166,Awareness,2025-01-01,2025-01-28
A7841,Image,7622.09,259044,0.1071,Conversion,2025-02-01,2025-02-28
A8476,Text,1446.66,751978,0.0492,Conversion,2025-04-01,2025-04-28
A4093,Image,5745.99,854150,0.0695,Awareness,2025-02-01,2025-02-28
A3623,Video,7735.41,163349,0.0863,Retargeting,2025-05-01,2025-05-28
A7922,Video,5580.1,443537,0.0717,Conversion,2025-01-01,2025-01-28
A8094,Video,4940.73,707711,0.0594,Retargeting,2025-05-01,2025-05-28
A5562,Image,6541.46,884904,0.1187,Awareness,2025-03-01,2025-03-28
A2631,Image,4495.59,743655,0.0696,Retargeting,2025-01-01,2025-01-28
A1931,Image,6871.82,564013,0.0484,Retargeting,2025-04-01,2025-04-28
A3124,Video,5804.81,506641,0.0541,Retargeting,2025-05-01,2025-05-28
A9821,Video,6561.49,614315,0.102,Brand Lift,2025-04-01,2025-04-28
A6797,Text,6693.01,671254,0.0615,Conversion,2025-01-01,2025-01-28
A2742,Video,2591.96,522700,0.0595,Brand Lift,2025-05-01,2025-05-28
A1835,Video,5077.49,447399,0.0669,Brand Lift,2025-03-01,2025-03-28
A9833,Text,1863.8,272423,0.0684,Retargeting,2025-03-01,2025-03-28
A3278,Text,2597.44,675113,0.0961,Retargeting,2025-05-01,2025-05-28
A9691,Image,576.13,250337,0.0468,Brand Lift,2025-04-01,2025-04-28
A4976,Image,4663.82,301997,0.0952,Brand Lift,2025-04-01,2025-04-28
A5213,Video,6447.0,147573,0.0635,Brand Lift,2025-02-01,2025-02-28
A6992,Image,2796.55,659805,0.0695,Retargeting,2025-04-01,2025-04-28
A9246,Image,7974.74,627124,0.0665,Brand Lift,2025-03-01,2025-03-28
A8390,Video,2799.67,291736,0.0497,Conversion,2025-03-01,2025-03-28
A5308,Video,1396.66,611894,0.1161,Conversion,2025-02-01,2025-02-28
A5408,Image,2122.88,557719,0.0621,Retargeting,2025-01-01,2025-01-28
A2102,Video,6744.71,360636,0.0582,Conversion,2025-03-01,2025-03-28
A3517,Image,606.11,610081,0.0501,Awareness,2025-01-01,2025-01-28
A8269,Video,4650.19,781295,0.1155,Brand Lift,2025-01-01,2025-01-28
A5944,Video,7045.4,651949,0.0627,Brand Lift,2025-04-01,2025-04-28
A6763,Video,3055.29,103872,0.0602,Brand Lift,2025-01-01,2025-01-28
A4231,Text,6665.87,470172,0.0793,Awareness,2025-02-01,2025-02-28
A3334,Video,1618.98,640180,0.1159,Awareness,2025-02-01,2025-02-28
A2598,Video,1388.39,851577,0.0733,Conversion,2025-05-01,2025-05-28
A8262,Video,3352.84,514226,0.0638,Brand Lift,2025-03-01,2025-03-28
A3813,Text,4764.72,113156,0.0888,Awareness,2025-02-01,2025-02-28
A5005,Image,5191.36,327501,0.0928,Conversion,2025-02-01,2025-02-28
A8949,Text,1803.6,128711,0.0525,Brand Lift,2025-04-01,2025-04-28
A6723,Video,5670.28,542738,0.0633,Conversion,2025-03-01,2025-03-28
A1341,Text,5802.17,787135,0.1088,Awareness,2025-02-01,2025-02-28
A3389,Image,7429.33,876097,0.1033,Conversion,2025-04-01,2025-04-28
A2151,Text,1360.82,285729,0.0918,Retargeting,2025-02-01,2025-02-28
A4417,Video,1035.57,223982,0.1034,Retargeting,2025-04-01,2025-04-28
A1314,Text,1432.65,772131,0.0643,Brand Lift,2025-03-01,2025-03-28
A7184,Video,4253.54,567781,0.075,Awareness,2025-04-01,2025-04-28
A7861,Text,6009.0,683039,0.06,Awareness,2025-02-01,2025-02-28
A1177,Video,7714.33,653139,0.087,Awareness,2025-03-01,2025-03-28
A1336,Text,4821.85,850177,0.1005,Brand Lift,2025-05-01,2025-05-28
A4604,Text,5386.32,341668,0.0545,Brand Lift,2025-04-01,2025-04-28
A1504,Video,7767.91,542841,0.0678,Retargeting,2025-03-01,2025-03-28
A8862,Video,5526.0,218637,0.0664,Brand Lift,2025-03-01,2025-03-28
A2492,Video,5469.38,469904,0.1051,Awareness,2025-04-01,2025-04-28
A9093,Text,1160.45,314659,0.0659,Brand Lift,2025-05-01,2025-05-28
A2390,Image,6686.95,51206,0.0926,Brand Lift,2025-04-01,2025-04-28
A7394,Video,906.53,593623,0.0689,Brand Lift,2025-04-01,2025-04-28
A1479,Text,6199.93,263446,0.0614,Conversion,2025-03-01,2025-03-28
A3946,Text,3785.87,782168,0.0788,Awareness,2025-05-01,2025-05-28
A7800,Video,6494.85,794261,0.0527,Awareness,2025-05-01,2025-05-28
A4231,Video,3559.93,285615,0.1194,Awareness,2025-04-01,2025-04-28
A1850,Text,7602.96,729172,0.1066,Brand Lift,2025-03-01,2025-03-28
A7008,Text,4316.54,336706,0.0732,Brand Lift,2025-04-01,2025-04-28
A8454,Image,2327.98,628043,0.0516,Conversion,2025-05-01,2025-05-28
A9655,Text,4311.81,193139,0.1091,Retargeting,2025-04-01,2025-04-28
A2338,Image,3049.06,875981,0.0806,Awareness,2025-03-01,2025-03-28
A8128,Image,5945.38,665448,0.0864,Brand Lift,2025-02-01,2025-02-28
A7409,Video,3849.11,557868,0.0676,Brand Lift,2025-04-01,2025-04-28
A1706,Video,7496.39,247816,0.1185,Conversion,2025-05-01,2025-05-28
A9960,Video,3372.28,863217,0.0729,Retargeting,2025-04-01,2025-04-28
A1565,Video,5789.21,449749,0.0709,Conversion,2025-04-01,2025-04-28
A4561,Video,7736.18,182378,0.0802,Retargeting,2025-01-01,2025-01-28
A6425,Text,7056.43,511694,0.048,Brand Lift,2025-01-01,2025-01-28
A8597,Text,5918.33,479893,0.1097,Conversion,2025-01-01,2025-01-28
A2934,Image,4021.18,327896,0.0671,Brand Lift,2025-01-01,2025-01-28
A6020,Video,6888.24,757115,0.1087,Brand Lift,2025-03-01,2025-03-28
A7904,Text,5200.99,846290,0.079,Awareness,2025-05-01,2025-05-28
A6157,Video,1013.16,711820,0.0948,Retargeting,2025-02-01,2025-02-28
A6688,Video,6100.75,505052,0.1183,Awareness,2025-04-01,2025-04-28
A5224,Text,1747.74,364012,0.1123,Awareness,2025-03-01,2025-03-28
A4852,Video,6471.08,357618,0.0687,Brand Lift,2025-02-01,2025-02-28
A3674,Video,2331.48,482067,0.0853,Conversion,2025-02-01,2025-02-28
A9589,Video,1813.02,689098,0.1097,Conversion,2025-04-01,2025-04-28
A7410,Video,7346.22,200069,0.0586,Retargeting,2025-04-01,2025-04-28
A7206,Image,2414.95,59853,0.1119,Brand Lift,2025-03-01,2025-03-28
A7875,Video,5582.08,215649,0.0459,Retargeting,2025-05-01,2025-05-28
A5526,Image,2743.66,494920,0.0952,Brand Lift,2025-03-01,2025-03-28
A8274,Text,1994.13,453380,0.1083,Awareness,2025-02-01,2025-02-28
A3231,Image,3360.23,426395,0.086,Retargeting,2025-01-01,2025-01-28
A4910,Image,7834.58,740203,0.0717,Awareness,2025-05-01,2025-05-28
A6539,Video,6988.01,866118,0.0996,Awareness,2025-05-01,2025-05-28
A3089,Video,6088.79,350096,0.1021,Conversion,2025-05-01,2025-05-28
A4516,Text,6514.49,279642,0.0909,Retargeting,2025-02-01,2025-02-28
A1498,Image,5211.86,707937,0.0917,Retargeting,2025-04-01,2025-04-28
A8655,Video,750.23,432584,0.0986,Awareness,2025-03-01,2025-03-28
A1560,Image,2950.39,485686,0.0541,Conversion,2025-05-01,2025-05-28
A1543,Video,7073.45,433629,0.0825,Retargeting,2025-02-01,2025-02-28
A4162,Video,2427.28,555254,0.1174,Retargeting,2025-03-01,2025-03-28
A5603,Image,6531.74,541081,0.117,Conversion,2025-02-01,2025-02-28
A1339,Image,6951.05,809396,0.094,Brand Lift,2025-05-01,2025-05-28
A2025,Video,3243.31,879090,0.0716,Retargeting,2025-05-01,2025-05-28
A4462,Text,1426.92,436490,0.0938,Retargeting,2025-05-01,2025-05-28
A1110,Text,3357.69,719567,0.1152,Awareness,2025-02-01,2025-02-28
A7113,Text,4036.08,699641,0.1107,Retargeting,2025-05-01,2025-05-28
A8682,Text,2160.25,116287,0.0908,Brand Lift,2025-03-01,2025-03-28
A2840,Video,5369.3,172343,0.0512,Awareness,2025-03-01,2025-03-28
A4347,Text,7969.46,171761,0.0478,Conversion,2025-04-01,2025-04-28
A7978,Video,3902.33,753055,0.116,Brand Lift,2025-05-01,2025-05-28
A9343,Text,6067.02,212029,0.1108,Awareness,2025-04-01,2025-04-28
A2620,Text,5117.39,343328,0.0426,Retargeting,2025-02-01,2025-02-28
A5928,Text,3825.37,297582,0.1084,Awareness,2025-03-01,2025-03-28
A1187,Image,4583.49,726149,0.0687,Brand Lift,2025-03-01,2025-03-28
A1242,Image,1923.56,178093,0.1159,Brand Lift,2025-01-01,2025-01-28
A4427,Text,5470.77,722875,0.0912,Awareness,2025-01-01,2025-01-28
A6335,Image,6400.96,305400,0.1191,Conversion,2025-01-01,2025-01-28
A2542,Image,6723.63,631128,0.0566,Conversion,2025-02-01,2025-02-28
A9045,Text,2964.2,204721,0.1031,Awareness,2025-03-01,2025-03-28
A8613,Image,6938.05,201716,0.119,Retargeting,2025-02-01,2025-02-28
A4258,Video,1324.45,77032,0.0505,Retargeting,2025-02-01,2025-02-28
A9802,Text,4916.4,66547,0.0539,Awareness,2025-02-01,2025-02-28
A3800,Text,6062.89,601640,0.0491,Awareness,2025-04-01,2025-04-28
A4683,Image,3862.06,429625,0.0811,Awareness,2025-04-01,2025-04-28
A9576,Text,4278.79,694986,0.0435,Retargeting,2025-04-01,2025-04-28
A3326,Text,5325.06,82663,0.0449,Brand Lift,2025-04-01,2025-04-28
A9674,Image,3697.05,163206,0.0792,Brand Lift,2025-01-01,2025-01-28
A6537,Image,7244.5,387758,0.0887,Awareness,2025-02-01,2025-02-28
A5130,Video,2562.62,713829,0.0868,Retargeting,2025-04-01,2025-04-28
A6666,Video,7959.71,606329,0.0636,Brand Lift,2025-01-01,2025-01-28
A3438,Video,6448.22,169971,0.1082,Conversion,2025-04-01,2025-04-28
A9502,Text,3886.66,289592,0.0731,Brand Lift,2025-04-01,2025-04-28
A9075,Text,3619.92,149704,0.065,Retargeting,2025-03-01,2025-03-28
A8462,Video,3307.26,210053,0.0949,Brand Lift,2025-01-01,2025-01-28
A8566,Video,1184.19,139511,0.0475,Awareness,2025-03-01,2025-03-28
A6244,Text,6588.27,633397,0.0448,Retargeting,2025-01-01,2025-01-28
A6331,Video,3581.06,747660,0.1153,Brand Lift,2025-01-01,2025-01-28
A3602,Text,7762.99,679575,0.065,Awareness,2025-05-01,2025-05-28
A6310,Video,4305.59,212246,0.0925,Conversion,2025-01-01,2025-01-28
A8714,Text,3125.85,633286,0.0694,Retargeting,2025-05-01,2025-05-28
A5725,Video,2196.19,499956,0.1076,Awareness,2025-05-01,2025-05-28
A7937,Image,7468.13,777157,0.0614,Conversion,2025-03-01,2025-03-28
A6261,Image,5770.24,373993,0.1137,Retargeting,2025-01-01,2025-01-28
A5922,Text,1860.54,200210,0.0853,Brand Lift,2025-01-01,2025-01-28
A5505,Text,1564.06,713928,0.1177,Awareness,2025-05-01,2025-05-28
A7309,Text,2113.5,490226,0.0763,Conversion,2025-03-01,2025-03-28
A8756,Video,2837.28,390140,0.1021,Awareness,2025-01-01,2025-01-28
A3932,Text,1666.85,841083,0.0894,Awareness,2025-03-01,2025-03-28
A9141,Image,3823.35,494611,0.0789,Brand Lift,2025-04-01,2025-04-28
A9256,Text,2548.75,841615,0.081,Retargeting,2025-04-01,2025-04-28
A5724,Text,1331.67,761163,0.0943,Brand Lift,2025-05-01,2025-05-28
A7723,Image,5503.49,97623,0.0576,Awareness,2025-01-01,2025-01-28
A8765,Video,2033.17,271494,0.1014,Retargeting,2025-03-01,2025-03-28
A8920,Text,2960.92,58105,0.0798,Brand Lift,2025-02-01,2025-02-28
A8591,Text,1468.89,608453,0.0963,Retargeting,2025-01-01,2025-01-28
A5718,Image,3478.03,828086,0.0434,Awareness,2025-04-01,2025-04-28
A2280,Text,7408.72,378267,0.0861,Brand Lift,2025-04-01,2025-04-28
A5067,Video,2671.36,474707,0.0417,Retargeting,2025-02-01,2025-02-28
A7543,Text,6509.92,698151,0.0768,Retargeting,2025-01-01,2025-01-28
A3293,Text,3775.34,161005,0.0595,Brand Lift,2025-05-01,2025-05-28
A8529,Video,1089.85,375346,0.0997,Conversion,2025-03-01,2025-03-28
A9618,Text,6343.38,130089,0.0808,Awareness,2025-05-01,2025-05-28
A6620,Text,4324.64,863934,0.068,Conversion,2025-02-01,2025-02-28
A1335,Text,1271.03,318402,0.0558,Conversion,2025-01-01,2025-01-28
A6516,Text,1828.6,860389,0.0902,Brand Lift,2025-05-01,2025-05-28
A3484,Image,6199.08,520711,0.0945,Retargeting,2025-03-01,2025-03-28
A3794,Text,1632.18,121603,0.0775,Retargeting,2025-03-01,2025-03-28
A4853,Video,4935.65,419038,0.0806,Retargeting,2025-04-01,2025-04-28
A5336,Image,3889.35,109653,0.0695,Retargeting,2025-01-01,2025-01-28
A9646,Text,5335.0,144682,0.0892,Brand Lift,2025-04-01,2025-04-28
A9739,Video,4852.47,880281,0.0991,Awareness,2025-04-01,2025-04-28
A5458,Text,7317.87,649425,0.0921,Retargeting,2025-05-01,2025-05-28
A9487,Video,4067.22,208189,0.1166,Brand Lift,2025-01-01,2025-01-28
A6843,Text,6582.25,410120,0.1186,Awareness,2025-05-01,2025-05-28
A7911,Image,5345.95,91043,0.0598,Brand Lift,2025-04-01,2025-04-28
A7079,Video,4430.51,689427,0.0527,Retargeting,2025-03-01,2025-03-28
A9458,Video,3405.62,862085,0.0671,Awareness,2025-03-01,2025-03-28
A2105,Text,994.34,149096,0.0846,Brand Lift,2025-03-01,2025-03-28
A7595,Text,2389.97,738457,0.1172,Conversion,2025-03-01,2025-03-28
A9080,Video,1111.26,745847,0.0513,Retargeting,2025-03-01,2025-03-28
A2952,Image,7757.72,782409,0.093,Conversion,2025-05-01,2025-05-28
A3422,Text,5816.26,138834,0.0648,Brand Lift,2025-03-01,2025-03-28
A1136,Text,6598.89,752667,0.0962,Awareness,2025-04-01,2025-04-28
A4543,Image,4313.66,69116,0.069,Conversion,2025-02-01,2025-02-28
A2579,Video,3062.99,853373,0.0789,Conversion,2025-02-01,2025-02-28
A4819,Video,1662.09,360160,0.1076,Awareness,2025-05-01,2025-05-28
A7501,Image,6281.56,824524,0.1107,Awareness,2025-03-01,2025-03-28
A5936,Video,7072.95,698052,0.0505,Brand Lift,2025-02-01,2025-02-28
A3620,Image,1716.85,776501,0.1017,Conversion,2025-04-01,2025-04-28
A7692,Video,827.69,431995,0.0941,Conversion,2025-04-01,2025-04-28
A5452,Image,5079.47,838939,0.0999,Brand Lift,2025-02-01,2025-02-28
A9035,Image,4505.08,374500,0.1172,Brand Lift,2025-02-01,2025-02-28
A9401,Image,3258.81,648128,0.1188,Brand Lift,2025-03-01,2025-03-28
A4588,Text,6335.93,577335,0.0822,Conversion,2025-02-01,2025-02-28
A9552,Text,6509.44,195121,0.1098,Awareness,2025-04-01,2025-04-28
A9018,Image,7055.88,631478,0.1147,Awareness,2025-03-01,2025-03-28
A8197,Text,1129.06,218099,0.0618,Conversion,2025-04-01,2025-04-28
A1646,Image,1187.85,282823,0.1053,Retargeting,2025-01-01,2025-01-28
A5478,Image,3611.73,465712,0.0802,Conversion,2025-04-01,2025-04-28
A9273,Video,7958.94,443124,0.058,Retargeting,2025-01-01,2025-01-28
A5583,Text,6793.82,731533,0.0668,Conversion,2025-02-01,2025-02-28
A6945,Video,787.27,545404,0.0957,Conversion,2025-04-01,2025-04-28
A3147,Text,3864.51,55506,0.1125,Awareness,2025-03-01,2025-03-28
A8508,Image,2117.41,206782,0.0839,Brand Lift,2025-01-01,2025-01-28
A6740,Image,6321.29,299183,0.0641,Awareness,2025-02-01,2025-02-28
A7520,Video,3648.69,882463,0.0898,Awareness,2025-01-01,2025-01-28
A1933,Video,6775.16,574108,0.0877,Awareness,2025-05-01,2025-05-28
A4043,Text,4812.86,803448,0.0515,Brand Lift,2025-01-01,2025-01-28
A4871,Text,5111.07,302249,0.0857,Conversion,2025-01-01,2025-01-28
A3564,Text,4426.13,428120,0.0454,Awareness,2025-04-01,2025-04-28
A1570,Image,7049.99,95649,0.0909,Retargeting,2025-03-01,2025-03-28
A2783,Video,6104.87,424440,0.1031,Retargeting,2025-02-01,2025-02-28
A7378,Image,5997.06,708775,0.0483,Retargeting,2025-02-01,2025-02-28
A3707,Text,832.52,622536,0.0671,Conversion,2025-04-01,2025-04-28
A7453,Text,7856.14,551776,0.0905,Conversion,2025-01-01,2025-01-28
A9107,Video,5870.34,529911,0.043,Conversion,2025-01-01,2025-01-28
A9221,Video,6433.32,93941,0.0652,Retargeting,2025-05-01,2025-05-28
A1397,Image,3486.68,619408,0.0779,Awareness,2025-02-01,2025-02-28
A9947,Image,2645.83,868771,0.0438,Retargeting,2025-03-01,2025-03-28
A9687,Image,1433.56,435896,0.075,Brand Lift,2025-04-01,2025-04-28
A3296,Video,7209.78,455426,0.0671,Conversion,2025-04-01,2025-04-28
A1930,Image,5690.51,435191,0.1139,Retargeting,2025-01-01,2025-01-28
A4766,Video,5953.11,132760,0.0744,Conversion,2025-05-01,2025-05-28
A9757,Image,2703.25,157581,0.0464,Retargeting,2025-03-01,2025-03-28
A5223,Image,3844.37,802524,0.0741,Brand Lift,2025-03-01,2025-03-28
A2699,Video,3853.47,812120,0.1096,Retargeting,2025-05-01,2025-05-28
A6099,Video,7986.13,337892,0.0912,Awareness,2025-01-01,2025-01-28
A5947,Video,5533.88,475942,0.0691,Conversion,2025-01-01,2025-01-28
A4138,Video,1570.85,687086,0.0942,Brand Lift,2025-01-01,2025-01-28
A5082,Image,1446.73,297459,0.1023,Retargeting,2025-03-01,2025-03-28
A4838,Video,3371.41,644799,0.0426,Conversion,2025-04-01,2025-04-28
A6123,Image,7616.18,440084,0.0755,Awareness,2025-05-01,2025-05-28
A2025,Image,1532.71,434774,0.0718,Retargeting,2025-02-01,2025-02-28
A3204,Image,7703.9,77172,0.0989,Brand Lift,2025-05-01,2025-05-28
A1074,Text,3402.41,638956,0.0494,Retargeting,2025-04-01,2025-04-28
A4234,Text,2109.28,691599,0.0628,Brand Lift,2025-02-01,2025-02-28
A2058,Image,1419.78,127649,0.0762,Brand Lift,2025-01-01,2025-01-28
A2346,Image,6578.85,385112,0.0934,Awareness,2025-05-01,2025-05-28
A7666,Image,4566.29,364527,0.1081,Conversion,2025-03-01,2025-03-28
A6005,Text,4315.67,177257,0.1188,Conversion,2025-02-01,2025-02-28
A2910,Video,6427.8,77560,0.0689,Retargeting,2025-04-01,2025-04-28
A8636,Video,6527.46,628443,0.0504,Awareness,2025-01-01,2025-01-28
A9062,Video,2819.68,801759,0.0975,Brand Lift,2025-04-01,2025-04-28
A2857,Text,6675.05,127333,0.05,Retargeting,2025-01-01,2025-01-28
A1531,Video,3874.81,763145,0.0814,Conversion,2025-05-01,2025-05-28
A4830,Image,5298.45,240802,0.1014,Conversion,2025-04-01,2025-04-28
A8458,Video,4271.48,108104,0.1065,Conversion,2025-03-01,2025-03-28
A1448,Text,1734.93,388334,0.1148,Conversion,2025-03-01,2025-03-28
A8740,Image,7606.12,594103,0.1116,Awareness,2025-03-01,2025-03-28
A7584,Video,1972.26,627599,0.062,Retargeting,2025-05-01,2025-05-28
A2473,Text,4501.09,576986,0.0913,Conversion,2025-02-01,2025-02-28
A6988,Image,5440.5,805638,0.1122,Retargeting,2025-05-01,2025-05-28
A1779,Text,808.96,79751,0.0465,Retargeting,2025-02-01,2025-02-28
A2185,Text,6252.19,486822,0.0894,Awareness,2025-04-01,2025-04-28
A9024,Image,7167.48,622079,0.0632,Retargeting,2025-04-01,2025-04-28
A7616,Video,2336.58,896567,0.0948,Retargeting,2025-04-01,2025-04-28
A7314,Video,1047.3,112823,0.0526,Brand Lift,2025-04-01,2025-04-28
A5564,Image,3983.32,406717,0.0885,Retargeting,2025-03-01,2025-03-28
A1810,Video,6006.5,412147,0.118,Conversion,2025-03-01,2025-03-28
A4842,Image,4362.35,161341,0.0655,Brand Lift,2025-01-01,2025-01-28
A6785,Text,2506.04,309961,0.0513,Awareness,2025-03-01,2025-03-28
A3303,Image,7590.39,695270,0.0735,Conversion,2025-03-01,2025-03-28
A7215,Text,7503.14,806157,0.065,Conversion,2025-04-01,2025-04-28
A4689,Image,7969.77,539491,0.0799,Retargeting,2025-04-01,2025-04-28
A2427,Image,673.82,462344,0.0804,Conversion,2025-02-01,2025-02-28
A5746,Video,4875.08,101021,0.044,Brand Lift,2025-05-01,2025-05-28
A2495,Video,7117.55,736041,0.0938,Retargeting,2025-05-01,2025-05-28
A5564,Video,561.33,162718,0.0745,Retargeting,2025-03-01,2025-03-28
A8684,Video,6228.93,433713,0.0436,Awareness,2025-05-01,2025-05-28
A9027,Video,4713.63,430133,0.0843,Awareness,2025-04-01,2025-04-28
A7088,Video,4281.92,851535,0.084,Awareness,2025-02-01,2025-02-28
A1234,Video,7813.12,463037,0.0699,Retargeting,2025-05-01,2025-05-28
A9985,Text,7542.11,841638,0.0515,Brand Lift,2025-05-01,2025-05-28
A8339,Video,801.91,90804,0.051,Retargeting,2025-04-01,2025-04-28
A9874,Video,4395.0,206175,0.0885,Conversion,2025-03-01,2025-03-28
A9451,Text,7485.27,384002,0.053,Retargeting,2025-05-01,2025-05-28
A2781,Video,3022.8,584473,0.0826,Retargeting,2025-04-01,2025-04-28
A5442,Image,6618.12,436251,0.0665,Awareness,2025-04-01,2025-04-28
A1391,Video,4877.77,885457,0.1119,Awareness,2025-05-01,2025-05-28
A2371,Image,4059.43,737436,0.1026,Conversion,2025-01-01,2025-01-28
A2247,Text,4876.42,228794,0.0819,Brand Lift,2025-02-01,2025-02-28
A2832,Video,6662.46,303961,0.0425,Awareness,2025-02-01,2025-02-28
A8114,Image,642.03,378930,0.0735,Brand Lift,2025-02-01,2025-02-28
A1018,Video,3577.83,862617,0.0889,Brand Lift,2025-01-01,2025-01-28
A7285,Image,5793.31,593878,0.0566,Retargeting,2025-04-01,2025-04-28
A1602,Text,4441.08,378993,0.1165,Brand Lift,2025-05-01,2025-05-28
A1566,Image,3067.45,421496,0.0941,Retargeting,2025-05-01,2025-05-28
A9657,Video,4131.35,308494,0.0623,Retargeting,2025-02-01,2025-02-28
A7387,Image,7561.14,362071,0.1017,Conversion,2025-04-01,2025-04-28
A5109,Video,2877.81,415746,0.0848,Retargeting,2025-03-01,2025-03-28
A4518,Video,1414.06,759489,0.0835,Brand Lift,2025-03-01,2025-03-28
A7856,Text,7659.57,893700,0.0517,Awareness,2025-03-01,2025-03-28
A6765,Video,7664.85,132868,0.0677,Brand Lift,2025-03-01,2025-03-28
A4454,Video,6105.04,274381,0.0562,Retargeting,2025-05-01,2025-05-28
A2762,Image,5721.28,193941,0.0487,Conversion,2025-02-01,2025-02-28
A6464,Image,880.74,606837,0.0581,Conversion,2025-01-01,2025-01-28
A2269,Video,1251.48,396337,0.0974,Awareness,2025-02-01,2025-02-28
A8279,Text,538.86,627086,0.1182,Conversion,2025-04-01,2025-04-28
A7630,Video,5396.7,548807,0.0782,Conversion,2025-03-01,2025-03-28
A3092,Image,2908.76,727273,0.0447,Awareness,2025-05-01,2025-05-28
A6204,Text,2241.65,824568,0.0978,Awareness,2025-02-01,2025-02-28
A4196,Image,3634.14,234327,0.1147,Awareness,2025-04-01,2025-04-28
A3633,Video,6409.7,245361,0.1149,Retargeting,2025-01-01,2025-01-28
A2144,Video,569.5,645551,0.0882,Retargeting,2025-03-01,2025-03-28
A4241,Video,3907.62,722464,0.0835,Brand Lift,2025-02-01,2025-02-28
A2972,Image,6882.95,540755,0.0618,Awareness,2025-03-01,2025-03-28
A6336,Text,1718.71,531206,0.0919,Conversion,2025-01-01,2025-01-28
A5948,Video,6024.63,879179,0.0636,Conversion,2025-02-01,2025-02-28
A6745,Video,5082.16,719752,0.1118,Brand Lift,2025-05-01,2025-05-28
A3346,Video,2959.45,470304,0.0935,Conversion,2025-02-01,2025-02-28
A9364,Text,4080.91,310096,0.0405,Brand Lift,2025-02-01,2025-02-28
A5592,Text,3850.52,329963,0.1163,Retargeting,2025-05-01,2025-05-28
A9812,Video,5921.62,61991,0.0609,Retargeting,2025-02-01,2025-02-28
A9792,Text,965.93,173967,0.0772,Conversion,2025-04-01,2025-04-28
A4367,Text,5645.55,787733,0.1016,Awareness,2025-03-01,2025-03-28
A1431,Image,3256.58,281577,0.0575,Conversion,2025-04-01,2025-04-28
A6260,Video,1648.89,834056,0.1191,Retargeting,2025-04-01,2025-04-28
A7949,Image,5764.56,543699,0.1006,Conversion,2025-02-01,2025-02-28
A9242,Text,5602.56,674756,0.1099,Awareness,2025-05-01,2025-05-28
A6955,Text,3850.61,787952,0.0689,Awareness,2025-01-01,2025-01-28
A4259,Image,6715.81,580041,0.0562,Conversion,2025-02-01,2025-02-28
A2282,Video,2960.88,595617,0.0753,Conversion,2025-05-01,2025-05-28
A4678,Image,4166.21,585167,0.0756,Awareness,2025-04-01,2025-04-28
A9800,Video,1489.58,485604,0.0765,Awareness,2025-05-01,2025-05-28
A3665,Image,3967.84,896112,0.0647,Awareness,2025-04-01,2025-04-28
A6453,Video,2408.43,53161,0.0997,Awareness,2025-01-01,2025-01-28
A9491,Text,3677.73,784406,0.0451,Awareness,2025-01-01,2025-01-28
A4008,Text,7896.03,545002,0.0425,Brand Lift,2025-02-01,2025-02-28
A8153,Text,6267.29,853028,0.0913,Brand Lift,2025-03-01,2025-03-28
A2872,Video,7946.42,451058,0.0759,Brand Lift,2025-04-01,2025-04-28
A7948,Image,1101.87,743939,0.11,Conversion,2025-03-01,2025-03-28
A6181,Image,1389.75,613356,0.0714,Conversion,2025-02-01,2025-02-28
A4685,Image,6761.16,842911,0.0418,Retargeting,2025-04-01,2025-04-28
A7994,Image,5551.25,620892,0.0739,Brand Lift,2025-02-01,2025-02-28
A4395,Image,2356.34,412974,0.0524,Conversion,2025-01-01,2025-01-28
A2049,Video,741.63,742267,0.0735,Awareness,2025-02-01,2025-02-28
A9466,Video,2045.61,155797,0.0875,Brand Lift,2025-05-01,2025-05-28
A6035,Image,5540.18,101040,0.0596,Awareness,2025-04-01,2025-04-28
A9601,Image,3792.22,615979,0.0574,Awareness,2025-02-01,2025-02-28
A7279,Text,4279.22,353314,0.0587,Retargeting,2025-05-01,2025-05-28
A9616,Image,4984.38,755200,0.1055,Conversion,2025-03-01,2025-03-28
A6578,Image,7071.94,742282,0.0817,Brand Lift,2025-03-01,2025-03-28
A5005,Video,2563.65,633761,0.1159,Conversion,2025-04-01,2025-04-28
A2517,Text,4668.88,99161,0.1178,Brand Lift,2025-05-01,2025-05-28
A5732,Image,2890.51,486548,0.0727,Retargeting,2025-04-01,2025-04-28
A9207,Image,1879.09,614058,0.0779,Conversion,2025-03-01,2025-03-28
A5118,Video,6931.56,201363,0.1045,Awareness,2025-05-01,2025-05-28
A3012,Text,3595.08,486740,0.0846,Conversion,2025-04-01,2025-04-28
A3814,Video,2321.44,263214,0.0664,Awareness,2025-04-01,2025-04-28
A1295,Video,6853.5,146955,0.0829,Conversion,2025-01-01,2025-01-28
A1866,Image,2513.46,756396,0.0884,Awareness,2025-01-01,2025-01-28
A5585,Video,1911.22,848696,0.087,Conversion,2025-04-01,2025-04-28
A6764,Video,2066.67,399138,0.0643,Awareness,2025-02-01,2025-02-28
A5596,Image,7528.7,827493,0.0494,Brand Lift,2025-02-01,2025-02-28
A3398,Text,5717.2,787954,0.0564,Conversion,2025-05-01,2025-05-28
A4414,Text,2912.11,346809,0.0705,Retargeting,2025-03-01,2025-03-28
A6718,Text,2461.71,587727,0.1106,Brand Lift,2025-01-01,2025-01-28
A5852,Video,6521.12,807505,0.0776,Retargeting,2025-02-01,2025-02-28
A8065,Image,3280.29,484037,0.0437,Conversion,2025-02-01,2025-02-28
A4447,Video,621.65,630189,0.1148,Brand Lift,2025-03-01,2025-03-28
A8340,Text,1643.09,395888,0.0584,Conversion,2025-04-01,2025-04-28
A4595,Image,4629.82,768113,0.067,Brand Lift,2025-04-01,2025-04-28
A3538,Video,3956.22,818367,0.1036,Conversion,2025-02-01,2025-02-28
A9787,Image,5902.35,562036,0.0547,Awareness,2025-05-01,2025-05-28
A3513,Text,753.68,127941,0.1156,Awareness,2025-01-01,2025-01-28
A6068,Text,3592.94,711338,0.0585,Conversion,2025-01-01,2025-01-28
A7744,Text,2140.4,528160,0.0699,Brand Lift,2025-04-01,2025-04-28
A1077,Image,617.99,608065,0.0841,Awareness,2025-01-01,2025-01-28
A6105,Video,4470.63,338086,0.0829,Retargeting,2025-01-01,2025-01-28
A1065,Text,4266.62,781758,0.0939,Conversion,2025-01-01,2025-01-28
A3005,Video,7385.37,599857,0.0519,Conversion,2025-05-01,2025-05-28
A7581,Image,4448.42,421658,0.0614,Brand Lift,2025-01-01,2025-01-28
A9031,Image,3297.89,475750,0.0767,Conversion,2025-02-01,2025-02-28
A4107,Video,2749.81,134532,0.0923,Awareness,2025-01-01,2025-01-28
A3812,Video,3539.59,445490,0.0842,Awareness,2025-01-01,2025-01-28
A1322,Video,5771.34,136702,0.08,Brand Lift,2025-03-01,2025-03-28
A4891,Image,4743.92,149994,0.1116,Awareness,2025-02-01,2025-02-28
A4099,Image,2085.63,775916,0.111,Brand Lift,2025-03-01,2025-03-28
A6970,Image,849.21,127959,0.0948,Retargeting,2025-05-01,2025-05-28
A3402,Image,4726.32,84500,0.0543,Retargeting,2025-01-01,2025-01-28
A6171,Image,7711.02,665551,0.0515,Brand Lift,2025-01-01,2025-01-28
A1754,Image,2744.58,641353,0.0592,Brand Lift,2025-05-01,2025-05-28
A7933,Text,2987.97,842313,0.0992,Awareness,2025-05-01,2025-05-28
A1441,Image,6090.92,412659,0.0443,Brand Lift,2025-02-01,2025-02-28
A7367,Text,6790.06,407137,0.0884,Brand Lift,2025-03-01,2025-03-28
A1168,Text,722.19,336604,0.1027,Brand Lift,2025-04-01,2025-04-28
A4682,Video,2211.04,629902,0.1153,Brand Lift,2025-02-01,2025-02-28
A4628,Text,5597.71,742764,0.0704,Retargeting,2025-02-01,2025-02-28
A4114,Text,5848.31,136023,0.0614,Brand Lift,2025-02-01,2025-02-28
A7871,Text,6047.41,382061,0.0689,Awareness,2025-01-01,2025-01-28
A5699,Video,7572.2,516339,0.0688,Retargeting,2025-01-01,2025-01-28
A8212,Video,1493.8,246494,0.0745,Brand Lift,2025-01-01,2025-01-28
A4513,Video,696.96,421106,0.0843,Retargeting,2025-04-01,2025-04-28
A4729,Image,592.55,483911,0.071,Awareness,2025-05-01,2025-05-28
A8209,Image,7289.06,304533,0.0858,Conversion,2025-04-01,2025-04-28
A2625,Video,1771.26,331981,0.0641,Brand Lift,2025-02-01,2025-02-28
A4891,Text,974.5,505791,0.0621,Retargeting,2025-04-01,2025-04-28
A8327,Image,6370.0,428666,0.0601,Conversion,2025-04-01,2025-04-28
A9866,Video,4953.55,255047,0.0766,Conversion,2025-03-01,2025-03-28
A4432,Image,550.76,464913,0.0666,Brand Lift,2025-03-01,2025-03-28
A5193,Text,3801.67,501533,0.1052,Conversion,2025-03-01,2025-03-28
A8094,Text,2904.99,779066,0.0561,Retargeting,2025-02-01,2025-02-28
A6071,Video,7734.31,384640,0.0633,Brand Lift,2025-05-01,2025-05-28
A7902,Image,6364.81,391716,0.0701,Brand Lift,2025-03-01,2025-03-28
A5122,Video,1354.16,641240,0.056,Conversion,2025-05-01,2025-05-28
A2257,Image,701.87,812538,0.0769,Conversion,2025-04-01,2025-04-28
A6687,Image,6482.64,776490,0.0455,Brand Lift,2025-04-01,2025-04-28
A1300,Image,1543.84,367543,0.0594,Conversion,2025-04-01,2025-04-28
A4058,Video,6418.08,127558,0.0759,Brand Lift,2025-05-01,2025-05-28
A2488,Image,3506.04,581221,0.1139,Brand Lift,2025-05-01,2025-05-28
A7522,Image,775.74,426993,0.0961,Awareness,2025-01-01,2025-01-28
A3107,Video,6267.16,739545,0.0932,Conversion,2025-05-01,2025-05-28
A5860,Image,832.23,726364,0.0942,Brand Lift,2025-03-01,2025-03-28
A7981,Text,7742.88,501365,0.0485,Awareness,2025-03-01,2025-03-28
A6408,Image,2165.01,833132,0.0815,Conversion,2025-04-01,2025-04-28
A9924,Text,3305.9,535556,0.1018,Conversion,2025-03-01,2025-03-28
A1326,Video,7982.77,556222,0.0484,Brand Lift,2025-01-01,2025-01-28
A6413,Image,1370.52,815618,0.0513,Retargeting,2025-03-01,2025-03-28
A2250,Text,3914.99,266916,0.0817,Retargeting,2025-04-01,2025-04-28
A4583,Image,1232.17,807065,0.0957,Retargeting,2025-01-01,2025-01-28
A3373,Text,2751.98,899541,0.0969,Awareness,2025-03-01,2025-03-28
A4692,Image,5359.77,760032,0.104,Conversion,2025-05-01,2025-05-28
A1082,Video,1808.4,217914,0.0665,Brand Lift,2025-04-01,2025-04-28
A8435,Video,2238.92,474723,0.0904,Conversion,2025-04-01,2025-04-28
A7564,Text,3466.87,823207,0.0891,Conversion,2025-04-01,2025-04-28
A6747,Video,4941.52,457723,0.0404,Conversion,2025-02-01,2025-02-28
A9544,Image,2587.59,787945,0.1047,Awareness,2025-05-01,2025-05-28
A4049,Text,1263.14,612968,0.055,Retargeting,2025-02-01,2025-02-28
A9990,Image,3931.63,325097,0.0937,Brand Lift,2025-05-01,2025-05-28
A9906,Image,7744.37,378628,0.0878,Brand Lift,2025-05-01,2025-05-28
A7218,Image,1356.74,419082,0.1076,Conversion,2025-03-01,2025-03-28
A4703,Text,7390.12,668836,0.0468,Conversion,2025-03-01,2025-03-28
A2746,Text,1383.96,370214,0.0494,Retargeting,2025-02-01,2025-02-28
A1078,Image,4331.19,488555,0.0877,Brand Lift,2025-04-01,2025-04-28
A9428,Video,1893.15,716371,0.083,Conversion,2025-05-01,2025-05-28
A8058,Video,1751.49,352865,0.0512,Retargeting,2025-04-01,2025-04-28
A6422,Text,5145.57,426479,0.1161,Brand Lift,2025-02-01,2025-02-28
A5732,Text,1963.46,452594,0.1171,Brand Lift,2025-04-01,2025-04-28
A6993,Text,5635.23,485820,0.0968,Brand Lift,2025-04-01,2025-04-28
A9350,Image,1754.4,642862,0.0425,Conversion,2025-03-01,2025-03-28
A4767,Image,745.21,285765,0.083,Conversion,2025-04-01,2025-04-28
A9258,Image,4742.38,860074,0.1013,Awareness,2025-05-01,2025-05-28
A3426,Video,1356.55,862764,0.0834,Retargeting,2025-05-01,2025-05-28
A5348,Text,6669.58,93631,0.1008,Brand Lift,2025-05-01,2025-05-28
A6743,Video,2139.06,495807,0.0482,Conversion,2025-03-01,2025-03-28
A2771,Text,7061.07,83796,0.076,Retargeting,2025-01-01,2025-01-28
A4802,Image,3793.02,173088,0.1021,Conversion,2025-02-01,2025-02-28
A9261,Video,6580.27,666482,0.0951,Brand Lift,2025-02-01,2025-02-28
A9685,Image,5121.13,872974,0.0565,Conversion,2025-01-01,2025-01-28
A3237,Video,4775.56,608136,0.0625,Conversion,2025-03-01,2025-03-28
A8446,Text,7842.5,356849,0.0631,Retargeting,2025-05-01,2025-05-28
A2088,Image,7891.16,762296,0.1052,Conversion,2025-04-01,2025-04-28
A8082,Image,7390.77,340794,0.1094,Conversion,2025-02-01,2025-02-28
A5999,Text,2372.58,795951,0.0658,Conversion,2025-04-01,2025-04-28
A5988,Text,4170.94,655474,0.0906,Brand Lift,2025-04-01,2025-04-28
A6288,Image,3889.94,714406,0.1036,Awareness,2025-04-01,2025-04-28
A2639,Image,4367.1,341740,0.0956,Retargeting,2025-04-01,2025-04-28
A8885,Text,7626.91,393187,0.0866,Awareness,2025-04-01,2025-04-28
A5912,Image,5261.3,781160,0.0687,Awareness,2025-05-01,2025-05-28
A8728,Image,3482.87,500513,0.106,Brand Lift,2025-03-01,2025-03-28
A9313,Image,2921.49,347368,0.067,Conversion,2025-05-01,2025-05-28
A5512,Text,6893.17,876596,0.0675,Awareness,2025-01-01,2025-01-28
A6045,Image,1246.81,871967,0.1069,Awareness,2025-01-01,2025-01-28
A3146,Text,7470.75,215657,0.0753,Awareness,2025-04-01,2025-04-28
A1486,Text,2017.39,772040,0.1128,Retargeting,2025-02-01,2025-02-28
A1728,Text,7058.18,337330,0.0475,Retargeting,2025-03-01,2025-03-28
A5996,Image,1118.15,746787,0.1123,Conversion,2025-01-01,2025-01-28
A1755,Text,3472.56,370349,0.0981,Conversion,2025-04-01,2025-04-28
A7259,Text,5416.14,787880,0.0476,Conversion,2025-04-01,2025-04-28
A1982,Text,1084.54,672518,0.0581,Brand Lift,2025-01-01,2025-01-28
A3576,Text,560.47,410263,0.1054,Brand Lift,2025-02-01,2025-02-28
A2981,Video,4082.75,290068,0.0706,Awareness,2025-01-01,2025-01-28
A8032,Text,2850.14,363791,0.051,Conversion,2025-02-01,2025-02-28
A8156,Image,1013.09,640653,0.0407,Conversion,2025-04-01,2025-04-28
A6268,Text,3133.91,273404,0.0902,Conversion,2025-04-01,2025-04-28
A6896,Video,5120.57,513873,0.1088,Awareness,2025-01-01,2025-01-28
A2664,Video,1550.1,179139,0.0872,Brand Lift,2025-03-01,2025-03-28
A1685,Image,7724.37,379780,0.1033,Conversion,2025-03-01,2025-03-28
A9499,Text,5334.65,310221,0.0843,Retargeting,2025-01-01,2025-01-28
A8773,Video,6859.19,740388,0.1101,Conversion,2025-05-01,2025-05-28
A1441,Text,5051.95,247810,0.0998,Retargeting,2025-01-01,2025-01-28
A9125,Video,6378.51,882336,0.1164,Brand Lift,2025-04-01,2025-04-28
A6203,Image,1345.58,573850,0.091,Awareness,2025-05-01,2025-05-28
A2729,Text,7165.43,62653,0.119,Retargeting,2025-02-01,2025-02-28
A5194,Text,3401.29,645990,0.0737,Conversion,2025-04-01,2025-04-28
A7056,Image,7658.4,857788,0.0458,Awareness,2025-01-01,2025-01-28
A4865,Video,2466.39,91761,0.1138,Brand Lift,2025-05-01,2025-05-28
A7533,Text,2648.66,797245,0.0801,Brand Lift,2025-04-01,2025-04-28
A1265,Video,5763.58,136431,0.0912,Conversion,2025-03-01,2025-03-28
A8852,Image,1126.98,132860,0.0809,Conversion,2025-02-01,2025-02-28
A1946,Text,4522.93,459711,0.0869,Awareness,2025-03-01,2025-03-28
A8349,Video,5740.07,815416,0.1163,Conversion,2025-01-01,2025-01-28
A7296,Text,2333.6,505589,0.0493,Awareness,2025-03-01,2025-03-28
A2031,Video,5495.6,740017,0.0993,Awareness,2025-01-01,2025-01-28
A3975,Text,5809.25,785575,0.0409,Brand Lift,2025-03-01,2025-03-28
A8988,Image,4422.54,871021,0.1058,Retargeting,2025-02-01,2025-02-28
A1313,Image,3289.02,836197,0.1025,Retargeting,2025-01-01,2025-01-28
A6061,Image,6285.73,80782,0.0668,Brand Lift,2025-03-01,2025-03-28
A2442,Text,4428.91,325722,0.097,Awareness,2025-04-01,2025-04-28
A9247,Text,3913.98,427617,0.0444,Conversion,2025-03-01,2025-03-28
A7710,Video,1679.82,860894,0.0482,Awareness,2025-02-01,2025-02-28
A5811,Text,6055.85,52693,0.0435,Awareness,2025-02-01,2025-02-28
A4989,Image,844.86,431657,0.0706,Conversion,2025-02-01,2025-02-28
A8780,Text,7483.7,87081,0.0842,Brand Lift,2025-02-01,2025-02-28
A4656,Image,2913.52,486476,0.1133,Retargeting,2025-03-01,2025-03-28
A5978,Image,6694.98,649298,0.0698,Awareness,2025-02-01,2025-02-28
A1586,Image,2173.89,590828,0.1185,Brand Lift,2025-01-01,2025-01-28
A4849,Image,7077.43,346020,0.1019,Retargeting,2025-03-01,2025-03-28
A2631,Video,1147.89,528933,0.0406,Conversion,2025-03-01,2025-03-28
A5966,Image,4728.55,368672,0.0992,Conversion,2025-04-01,2025-04-28
A2687,Text,3262.05,567326,0.1198,Conversion,2025-05-01,2025-05-28
A1879,Video,6203.62,307034,0.052,Brand Lift,2025-01-01,2025-01-28
A7943,Text,2247.48,413251,0.0909,Awareness,2025-03-01,2025-03-28
A9515,Image,510.97,739233,0.0701,Retargeting,2025-01-01,2025-01-28
A9273,Image,2038.96,299736,0.0736,Awareness,2025-02-01,2025-02-28
A1693,Video,5837.39,147545,0.0435,Conversion,2025-05-01,2025-05-28
A7058,Text,3597.93,440586,0.0767,Awareness,2025-05-01,2025-05-28
A7083,Text,1216.83,189999,0.091,Brand Lift,2025-01-01,2025-01-28
A2372,Video,4939.22,115308,0.0748,Conversion,2025-02-01,2025-02-28
A3800,Image,2687.57,380310,0.1141,Brand Lift,2025-03-01,2025-03-28
A2761,Text,2885.43,335166,0.0587,Conversion,2025-02-01,2025-02-28
A5437,Video,6349.53,663110,0.0487,Awareness,2025-02-01,2025-02-28
A3690,Video,3871.75,379287,0.0725,Retargeting,2025-02-01,2025-02-28
A7420,Image,3889.38,535854,0.0612,Awareness,2025-01-01,2025-01-28
A1929,Text,1682.12,769380,0.0643,Awareness,2025-02-01,2025-02-28
A1941,Text,6769.44,393716,0.0519,Conversion,2025-03-01,2025-03-28
A9011,Video,3471.83,101328,0.0942,Retargeting,2025-02-01,2025-02-28
A5030,Text,733.12,474035,0.1084,Conversion,2025-01-01,2025-01-28
A2323,Text,3965.32,892946,0.1035,Awareness,2025-01-01,2025-01-28
A7038,Video,962.52,868895,0.1186,Conversion,2025-02-01,2025-02-28
A9326,Video,6677.55,440321,0.0949,Awareness,2025-05-01,2025-05-28
A7144,Video,4895.89,128629,0.0417,Awareness,2025-02-01,2025-02-28
A4632,Image,7268.72,514971,0.1047,Awareness,2025-03-01,2025-03-28
A7312,Text,1418.96,533388,0.0441,Brand Lift,2025-04-01,2025-04-28
A2470,Video,4220.95,451320,0.0947,Conversion,2025-03-01,2025-03-28
A4436,Video,2110.37,246242,0.062,Brand Lift,2025-02-01,2025-02-28
A2958,Image,759.87,699253,0.0894,Retargeting,2025-04-01,2025-04-28
A4711,Text,3589.94,627438,0.0783,Awareness,2025-03-01,2025-03-28
A4700,Image,3372.61,489599,0.056,Conversion,2025-05-01,2025-05-28
A8944,Image,6461.35,451078,0.1026,Retargeting,2025-04-01,2025-04-28
A3859,Video,4583.88,558223,0.0675,Retargeting,2025-04-01,2025-04-28
A1858,Video,2528.27,77329,0.0655,Conversion,2025-01-01,2025-01-28
A7534,Image,7218.24,866356,0.0625,Brand Lift,2025-05-01,2025-05-28
A4638,Image,3180.75,662356,0.12,Conversion,2025-01-01,2025-01-28
A6220,Text,2358.93,302867,0.0613,Awareness,2025-02-01,2025-02-28
A7585,Image,4817.69,886124,0.0711,Conversion,2025-02-01,2025-02-28
A1891,Text,2274.13,383451,0.1045,Retargeting,2025-05-01,2025-05-28
A6837,Image,711.55,784591,0.0681,Conversion,2025-05-01,2025-05-28
A4190,Video,7612.76,899767,0.1105,Brand Lift,2025-05-01,2025-05-28
A4821,Text,2817.9,564259,0.043,Awareness,2025-02-01,2025-02-28
A6121,Text,5012.47,70896,0.0821,Awareness,2025-03-01,2025-03-28
A7772,Text,7384.22,261250,0.1045,Retargeting,2025-02-01,2025-02-28
A8510,Image,7390.86,389307,0.0448,Conversion,2025-05-01,2025-05-28
A3784,Video,5785.22,198533,0.1019,Retargeting,2025-01-01,2025-01-28
A5427,Image,3301.93,744303,0.0716,Awareness,2025-03-01,2025-03-28
A2214,Video,2763.24,193079,0.1181,Brand Lift,2025-04-01,2025-04-28
A2086,Image,5368.85,232664,0.0966,Retargeting,2025-02-01,2025-02-28
A2512,Video,5491.49,233869,0.0703,Retargeting,2025-02-01,2025-02-28
A1252,Text,1832.81,51885,0.1159,Brand Lift,2025-05-01,2025-05-28
A5709,Video,742.87,681650,0.0655,Conversion,2025-05-01,2025-05-28
A6560,Text,1280.83,570287,0.0513,Awareness,2025-02-01,2025-02-28
A3421,Image,3101.08,385039,0.0534,Awareness,2025-03-01,2025-03-28
A5076,Text,3849.72,328095,0.0568,Awareness,2025-03-01,2025-03-28
A7176,Image,2424.93,163282,0.0976,Awareness,2025-04-01,2025-04-28
A5572,Video,3786.65,490038,0.1175,Brand Lift,2025-04-01,2025-04-28
A8859,Text,7113.28,418292,0.0837,Awareness,2025-04-01,2025-04-28
A5980,Text,6415.47,656135,0.0921,Conversion,2025-02-01,2025-02-28
A8272,Video,3884.66,888016,0.1077,Retargeting,2025-01-01,2025-01-28
A9236,Image,2890.38,159812,0.0459,Conversion,2025-04-01,2025-04-28
A7778,Text,1706.78,128645,0.0838,Awareness,2025-03-01,2025-03-28
A7388,Image,4955.23,693453,0.1115,Awareness,2025-04-01,2025-04-28
A5310,Video,7568.32,223012,0.0886,Brand Lift,2025-02-01,2025-02-28
A2039,Image,901.67,397177,0.0564,Conversion,2025-04-01,2025-04-28
A5198,Video,5728.98,807111,0.114,Retargeting,2025-03-01,2025-03-28
A9931,Text,2730.5,150575,0.044,Brand Lift,2025-02-01,2025-02-28
A6822,Image,908.79,54000,0.0742,Retargeting,2025-05-01,2025-05-28
A4585,Text,4102.46,151698,0.0421,Conversion,2025-03-01,2025-03-28
A9297,Image,7827.93,546574,0.1075,Retargeting,2025-04-01,2025-04-28
A8653,Video,4032.08,743150,0.0612,Brand Lift,2025-02-01,2025-02-28
A9771,Text,3282.65,449974,0.0696,Brand Lift,2025-01-01,2025-01-28
A7560,Video,2474.72,537648,0.0611,Retargeting,2025-05-01,2025-05-28
A1544,Text,962.3,838775,0.0957,Awareness,2025-01-01,2025-01-28
A8146,Text,5511.06,897438,0.0833,Conversion,2025-05-01,2025-05-28
A3251,Text,957.38,455910,0.1055,Brand Lift,2025-05-01,2025-05-28
A8782,Text,5653.01,547889,0.0858,Conversion,2025-04-01,2025-04-28
A8010,Text,2741.39,463982,0.1122,Awareness,2025-05-01,2025-05-28
A7260,Image,4784.15,591922,0.104,Conversion,2025-01-01,2025-01-28
A3768,Image,7619.41,520852,0.0538,Conversion,2025-02-01,2025-02-28
A4486,Image,6563.46,182315,0.0434,Awareness,2025-04-01,2025-04-28
A5663,Text,2014.39,707694,0.0518,Retargeting,2025-03-01,2025-03-28
A9360,Text,7331.03,896561,0.0454,Brand Lift,2025-05-01,2025-05-28
A5205,Video,3480.16,391968,0.1085,Brand Lift,2025-01-01,2025-01-28
A2828,Text,6399.13,703323,0.087,Brand Lift,2025-01-01,2025-01-28
A3772,Image,3608.32,205398,0.0853,Awareness,2025-01-01,2025-01-28
A7535,Video,4720.13,155896,0.1029,Retargeting,2025-04-01,2025-04-28
A9451,Video,2481.02,736594,0.0788,Brand Lift,2025-01-01,2025-01-28
A8054,Image,1791.5,472548,0.0515,Brand Lift,2025-01-01,2025-01-28
A3304,Image,3468.45,397596,0.0952,Awareness,2025-04-01,2025-04-28
A7646,Text,7406.26,440532,0.0416,Retargeting,2025-03-01,2025-03-28
A3647,Image,2602.6,565500,0.1087,Awareness,2025-02-01,2025-02-28
A6566,Image,1507.89,829850,0.0754,Retargeting,2025-03-01,2025-03-28
A3665,Video,5966.0,684366,0.0916,Conversion,2025-04-01,2025-04-28
A6094,Image,2085.43,476949,0.0993,Retargeting,2025-01-01,2025-01-28
A6234,Text,4364.52,216694,0.0452,Brand Lift,2025-02-01,2025-02-28
A7556,Video,6353.87,599753,0.1103,Awareness,2025-02-01,2025-02-28
A4560,Video,1945.73,260477,0.107,Conversion,2025-01-01,2025-01-28
A9819,Image,3923.37,427880,0.0964,Retargeting,2025-03-01,2025-03-28
A7104,Image,6676.3,579663,0.0718,Awareness,2025-01-01,2025-01-28
A6412,Video,2314.54,562530,0.0875,Conversion,2025-04-01,2025-04-28
A3639,Image,4901.6,416749,0.0675,Retargeting,2025-01-01,2025-01-28
A5651,Video,2638.02,455343,0.044,Conversion,2025-02-01,2025-02-28
A8231,Image,5355.35,760614,0.0565,Brand Lift,2025-05-01,2025-05-28
A7412,Image,650.39,868207,0.1174,Awareness,2025-04-01,2025-04-28
A3734,Text,7336.37,728818,0.0539,Awareness,2025-02-01,2025-02-28
A6774,Image,2392.93,894193,0.1154,Retargeting,2025-04-01,2025-04-28
A2545,Image,7216.12,415648,0.0767,Conversion,2025-04-01,2025-04-28
A9133,Text,2766.09,595928,0.1059,Brand Lift,2025-05-01,2025-05-28
A6865,Text,1267.34,586361,0.12,Retargeting,2025-05-01,2025-05-28
A8693,Text,5355.07,688635,0.0626,Awareness,2025-04-01,2025-04-28
A2286,Text,978.78,339913,0.0912,Retargeting,2025-03-01,2025-03-28
A6503,Video,5420.9,733112,0.0639,Conversion,2025-05-01,2025-05-28
A6661,Text,6241.06,109532,0.1044,Brand Lift,2025-03-01,2025-03-28
A3355,Video,5605.67,806320,0.042,Brand Lift,2025-03-01,2025-03-28
A8876,Video,2445.7,488897,0.0724,Awareness,2025-05-01,2025-05-28
A4314,Text,5810.52,649829,0.1053,Retargeting,2025-02-01,2025-02-28
A4981,Image,5647.39,719320,0.1028,Retargeting,2025-05-01,2025-05-28
A1331,Text,2751.46,228243,0.1073,Conversion,2025-03-01,2025-03-28
A7813,Image,1232.02,184159,0.0993,Conversion,2025-03-01,2025-03-28
A4177,Video,5408.26,283049,0.0684,Retargeting,2025-04-01,2025-04-28
A5036,Video,6410.68,397411,0.0697,Retargeting,2025-04-01,2025-04-28
A1321,Image,6884.1,543393,0.0443,Awareness,2025-04-01,2025-04-28
A7219,Image,7170.7,574788,0.0496,Brand Lift,2025-05-01,2025-05-28
A4631,Image,2737.67,106688,0.1097,Conversion,2025-02-01,2025-02-28
A7375,Video,7942.61,409315,0.0727,Brand Lift,2025-02-01,2025-02-28
A9307,Video,2872.88,800432,0.0544,Awareness,2025-04-01,2025-04-28
A7647,Text,2994.72,235413,0.0651,Awareness,2025-01-01,2025-01-28
A3886,Text,3890.4,269553,0.1009,Conversion,2025-05-01,2025-05-28
A5506,Image,6233.63,563358,0.1028,Awareness,2025-02-01,2025-02-28
A5205,Text,5108.6,714259,0.0744,Brand Lift,2025-04-01,2025-04-28
A5883,Video,3374.87,89557,0.0827,Retargeting,2025-01-01,2025-01-28
A1046,Image,7190.05,843612,0.1067,Conversion,2025-01-01,2025-01-28
A7642,Image,5575.61,707128,0.0987,Conversion,2025-03-01,2025-03-28
A8345,Image,2840.69,157697,0.0707,Retargeting,2025-02-01,2025-02-28
A9701,Image,989.65,97939,0.0639,Retargeting,2025-04-01,2025-04-28
A1638,Video,5958.74,675339,0.0819,Brand Lift,2025-02-01,2025-02-28
A1118,Video,3070.5,563989,0.0687,Conversion,2025-02-01,2025-02-28
A4191,Image,7610.63,472986,0.0415,Conversion,2025-02-01,2025-02-28
A1430,Image,2083.93,72977,0.0872,Conversion,2025-01-01,2025-01-28
A7512,Text,3249.44,732141,0.1034,Brand Lift,2025-03-01,2025-03-28
A9587,Image,6284.37,703404,0.0439,Awareness,2025-01-01,2025-01-28
A5249,Text,5401.76,70700,0.0439,Awareness,2025-04-01,2025-04-28
A3601,Video,3832.36,179598,0.0838,Brand Lift,2025-02-01,2025-02-28
A4668,Text,2041.21,769050,0.0904,Retargeting,2025-04-01,2025-04-28
A2929,Video,5462.48,744663,0.0816,Conversion,2025-04-01,2025-04-28
A9445,Image,6729.9,160010,0.0809,Awareness,2025-03-01,2025-03-28
A3416,Video,1355.09,161425,0.0798,Conversion,2025-03-01,2025-03-28
A5827,Video,6736.24,261469,0.0686,Brand Lift,2025-03-01,2025-03-28
A9529,Video,1702.8,624765,0.0797,Conversion,2025-04-01,2025-04-28
A2744,Text,2979.53,52871,0.041,Awareness,2025-01-01,2025-01-28
A8488,Video,6764.24,751520,0.0795,Awareness,2025-05-01,2025-05-28
A3453,Video,1062.86,808724,0.0481,Retargeting,2025-02-01,2025-02-28
A1029,Video,3925.63,360401,0.0611,Awareness,2025-01-01,2025-01-28
A3581,Image,6598.84,91360,0.1082,Retargeting,2025-03-01,2025-03-28
A6367,Text,3694.96,171531,0.0476,Awareness,2025-01-01,2025-01-28
A8070,Text,6889.99,745578,0.0918,Retargeting,2025-03-01,2025-03-28
A5702,Video,7208.96,702011,0.0615,Awareness,2025-03-01,2025-03-28
A9464,Video,6612.23,241752,0.0491,Brand Lift,2025-04-01,2025-04-28
A2597,Video,2538.75,454452,0.0952,Brand Lift,2025-04-01,2025-04-28
A3488,Image,5366.35,885620,0.0533,Conversion,2025-01-01,2025-01-28
A9597,Image,7861.77,217138,0.0483,Brand Lift,2025-05-01,2025-05-28
A7093,Image,5587.95,240065,0.0889,Retargeting,2025-05-01,2025-05-28
A1914,Text,716.12,767712,0.1104,Conversion,2025-04-01,2025-04-28
A7459,Image,7402.98,168423,0.111,Brand Lift,2025-01-01,2025-01-28
A5617,Video,975.02,736789,0.0651,Conversion,2025-03-01,2025-03-28
A2015,Text,4393.25,771673,0.096,Awareness,2025-04-01,2025-04-28
A6016,Image,5462.85,310651,0.0786,Brand Lift,2025-02-01,2025-02-28
A6117,Video,6792.75,635466,0.1114,Awareness,2025-01-01,2025-01-28
A7930,Video,5325.49,214550,0.0804,Brand Lift,2025-04-01,2025-04-28
A6175,Video,7020.62,128501,0.1001,Retargeting,2025-02-01,2025-02-28
A3641,Text,2981.71,341668,0.044,Conversion,2025-05-01,2025-05-28
A2642,Image,5324.88,472866,0.1054,Awareness,2025-04-01,2025-04-28
A6698,Video,3831.42,650870,0.0758,Brand Lift,2025-04-01,2025-04-28
A1417,Image,2870.46,571533,0.0996,Awareness,2025-01-01,2025-01-28
A4369,Video,3525.8,87572,0.0846,Awareness,2025-01-01,2025-01-28
A1512,Text,6438.37,699137,0.091,Conversion,2025-04-01,2025-04-28
A3419,Video,7627.66,430992,0.106,Conversion,2025-04-01,2025-04-28
A9969,Video,2989.79,854694,0.0896,Brand Lift,2025-03-01,2025-03-28
A8524,Image,5869.35,169562,0.0478,Conversion,2025-01-01,2025-01-28
A4879,Image,3060.18,714441,0.1172,Retargeting,2025-05-01,2025-05-28
A6749,Video,4414.89,786201,0.0485,Conversion,2025-04-01,2025-04-28
A2173,Image,1553.37,801678,0.0994,Brand Lift,2025-01-01,2025-01-28
A2325,Image,2407.17,255438,0.055,Brand Lift,2025-02-01,2025-02-28
A1469,Video,3927.85,869378,0.0552,Retargeting,2025-01-01,2025-01-28
A1919,Image,6178.62,98759,0.1141,Awareness,2025-04-01,2025-04-28
A6146,Video,3930.41,667942,0.1165,Conversion,2025-04-01,2025-04-28
A7445,Video,532.53,821976,0.0439,Brand Lift,2025-05-01,2025-05-28
A9705,Video,4121.99,583025,0.1025,Conversion,2025-05-01,2025-05-28
A6432,Text,1802.38,184618,0.0483,Retargeting,2025-05-01,2025-05-28
A3596,Image,7110.43,489001,0.1184,Conversion,2025-03-01,2025-03-28
A2094,Text,3484.02,409513,0.1176,Brand Lift,2025-02-01,2025-02-28
A9762,Text,1536.35,681792,0.096,Retargeting,2025-05-01,2025-05-28
A5868,Video,6955.31,796454,0.0989,Conversion,2025-02-01,2025-02-28
A8997,Text,2072.85,799086,0.0632,Retargeting,2025-02-01,2025-02-28
A5086,Video,7860.02,731664,0.118,Conversion,2025-05-01,2025-05-28
A5291,Video,4568.69,717814,0.0658,Awareness,2025-03-01,2025-03-28
A1144,Video,4717.1,661116,0.0857,Brand Lift,2025-05-01,2025-05-28
A1648,Image,2644.46,492904,0.1047,Awareness,2025-01-01,2025-01-28
A8961,Text,3356.53,105642,0.0936,Conversion,2025-03-01,2025-03-28
A7192,Text,6126.39,218752,0.1187,Retargeting,2025-02-01,2025-02-28
A8380,Text,6795.36,774141,0.1027,Conversion,2025-05-01,2025-05-28
A5566,Image,742.3,524579,0.0482,Conversion,2025-05-01,2025-05-28
A5019,Video,3416.65,585740,0.1027,Retargeting,2025-01-01,2025-01-28
A3810,Video,7448.64,456380,0.0733,Retargeting,2025-05-01,2025-05-28
A1255,Video,903.52,829794,0.0601,Brand Lift,2025-02-01,2025-02-28
A1039,Video,7336.15,788857,0.0968,Retargeting,2025-05-01,2025-05-28
A1161,Video,4599.61,682697,0.0557,Conversion,2025-03-01,2025-03-28
A4808,Text,3866.11,765819,0.046,Conversion,2025-05-01,2025-05-28
A7596,Image,1395.15,92608,0.0743,Retargeting,2025-02-01,2025-02-28
A7465,Video,1706.97,317403,0.0405,Brand Lift,2025-02-01,2025-02-28
A1150,Text,799.55,388302,0.0878,Retargeting,2025-04-01,2025-04-28
A7687,Image,6424.31,626884,0.0686,Retargeting,2025-05-01,2025-05-28
A6810,Image,2149.72,242800,0.0816,Conversion,2025-04-01,2025-04-28
A9672,Text,4573.1,473013,0.0474,Conversion,2025-02-01,2025-02-28
A1528,Video,5475.01,397148,0.0689,Conversion,2025-05-01,2025-05-28
A9817,Text,4478.74,638602,0.1059,Awareness,2025-01-01,2025-01-28
A6888,Text,5517.04,517315,0.0592,Conversion,2025-01-01,2025-01-28
A8542,Video,5619.14,386526,0.0705,Awareness,2025-04-01,2025-04-28
A9287,Video,2424.43,809143,0.0626,Retargeting,2025-05-01,2025-05-28
A8282,Video,6521.13,517200,0.0789,Retargeting,2025-02-01,2025-02-28
A5678,Text,2902.35,136345,0.1159,Conversion,2025-05-01,2025-05-28
A5120,Image,4499.04,707386,0.0452,Conversion,2025-04-01,2025-04-28
A4327,Text,6767.49,265565,0.083,Brand Lift,2025-01-01,2025-01-28
A1332,Video,6101.68,211223,0.0419,Retargeting,2025-01-01,2025-01-28
A2866,Image,1156.41,106904,0.0542,Retargeting,2025-05-01,2025-05-28
A1213,Image,1028.32,288703,0.1129,Brand Lift,2025-04-01,2025-04-28
A2988,Video,3883.44,474094,0.0746,Awareness,2025-04-01,2025-04-28
A8573,Text,5549.74,610814,0.0405,Awareness,2025-05-01,2025-05-28
A9188,Image,841.38,126115,0.0686,Awareness,2025-03-01,2025-03-28
A9624,Image,6401.69,365989,0.0885,Retargeting,2025-04-01,2025-04-28
A4711,Video,3360.6,742818,0.0425,Conversion,2025-05-01,2025-05-28
A9408,Text,2148.99,833028,0.0713,Retargeting,2025-02-01,2025-02-28
A2093,Video,2735.42,883635,0.1094,Retargeting,2025-01-01,2025-01-28
A4928,Image,4651.43,632032,0.0513,Awareness,2025-01-01,2025-01-28
A9839,Video,4795.39,463224,0.083,Awareness,2025-03-01,2025-03-28
A2135,Video,2075.4,827446,0.1123,Retargeting,2025-02-01,2025-02-28
A7569,Video,3594.91,727308,0.1081,Conversion,2025-02-01,2025-02-28
A9802,Image,1879.95,696850,0.1068,Conversion,2025-01-01,2025-01-28
A9721,Text,1860.18,888504,0.0854,Awareness,2025-05-01,2025-05-28
A4516,Image,3959.49,626365,0.0459,Awareness,2025-03-01,2025-03-28
A5480,Video,1236.52,810835,0.0864,Retargeting,2025-03-01,2025-03-28
A6107,Video,1461.61,737313,0.0588,Retargeting,2025-05-01,2025-05-28
A3410,Video,1023.57,252897,0.0654,Brand Lift,2025-03-01,2025-03-28
A6656,Video,5122.57,370523,0.0955,Conversion,2025-05-01,2025-05-28
A8715,Video,4751.46,896934,0.0653,Brand Lift,2025-02-01,2025-02-28
A8595,Video,536.24,308133,0.1029,Brand Lift,2025-03-01,2025-03-28
A7054,Video,6800.83,190829,0.0944,Retargeting,2025-04-01,2025-04-28
A3077,Text,3971.36,426167,0.102,Brand Lift,2025-05-01,2025-05-28
A2005,Image,1316.24,726909,0.0885,Retargeting,2025-02-01,2025-02-28
A4715,Text,7184.73,255973,0.0611,Awareness,2025-01-01,2025-01-28
A6726,Text,7190.79,581815,0.0905,Brand Lift,2025-05-01,2025-05-28
A4519,Video,2095.71,88436,0.0841,Brand Lift,2025-02-01,2025-02-28
A9044,Image,3243.64,284153,0.1113,Retargeting,2025-02-01,2025-02-28
A3203,Image,3985.26,585205,0.0472,Retargeting,2025-05-01,2025-05-28
A1677,Text,579.44,300484,0.1078,Conversion,2025-05-01,2025-05-28
A1453,Image,1552.78,216956,0.0543,Conversion,2025-04-01,2025-04-28
A3050,Video,7543.81,92383,0.0575,Brand Lift,2025-02-01,2025-02-28
A7166,Image,971.46,437380,0.0587,Conversion,2025-05-01,2025-05-28
A3789,Video,7307.95,428799,0.071,Brand Lift,2025-01-01,2025-01-28
A6510,Image,799.29,730027,0.0659,Retargeting,2025-03-01,2025-03-28
A9861,Text,4839.74,647856,0.0539,Brand Lift,2025-03-01,2025-03-28
A7322,Video,4907.59,131618,0.0813,Brand Lift,2025-02-01,2025-02-28
A8977,Video,4372.79,420040,0.1054,Retargeting,2025-04-01,2025-04-28
A8311,Video,6444.93,683561,0.0405,Conversion,2025-04-01,2025-04-28
A6737,Text,1742.04,130832,0.0812,Retargeting,2025-02-01,2025-02-28
A9397,Image,1626.8,215001,0.069,Awareness,2025-02-01,2025-02-28
A7498,Text,3609.6,396265,0.0976,Brand Lift,2025-04-01,2025-04-28
A2520,Video,4092.66,669489,0.0529,Brand Lift,2025-01-01,2025-01-28
A5729,Image,2327.53,184097,0.0859,Conversion,2025-02-01,2025-02-28
A6140,Video,5221.55,91094,0.1113,Conversion,2025-01-01,2025-01-28
A1875,Image,1747.56,238783,0.0813,Brand Lift,2025-05-01,2025-05-28
A2178,Video,7769.33,718595,0.0415,Retargeting,2025-01-01,2025-01-28
A9888,Image,2124.45,685988,0.1194,Brand Lift,2025-02-01,2025-02-28
A2059,Text,2145.23,480720,0.0881,Conversion,2025-05-01,2025-05-28
A9002,Image,5447.37,327370,0.0534,Retargeting,2025-04-01,2025-04-28
A1910,Text,4974.0,122187,0.0584,Brand Lift,2025-02-01,2025-02-28
A2435,Text,1314.28,262177,0.0818,Brand Lift,2025-02-01,2025-02-28
A8471,Image,5041.33,236040,0.0781,Awareness,2025-05-01,2025-05-28
A3796,Video,4274.97,173224,0.0475,Conversion,2025-05-01,2025-05-28
A1642,Text,4544.64,51258,0.1118,Brand Lift,2025-05-01,2025-05-28
A8582,Video,3655.13,95548,0.0958,Brand Lift,2025-02-01,2025-02-28
A5842,Text,7538.16,555543,0.1032,Brand Lift,2025-03-01,2025-03-28
A6884,Image,4917.86,827407,0.1126,Awareness,2025-04-01,2025-04-28
A1359,Text,1504.12,550318,0.1013,Awareness,2025-03-01,2025-03-28
A1604,Image,4987.19,620143,0.0727,Conversion,2025-01-01,2025-01-28
A7087,Text,5818.62,877769,0.0406,Awareness,2025-05-01,2025-05-28
A9137,Text,553.96,736341,0.0564,Retargeting,2025-04-01,2025-04-28
A2527,Text,3217.02,212297,0.0741,Retargeting,2025-03-01,2025-03-28
A4591,Video,6912.33,494136,0.0852,Retargeting,2025-04-01,2025-04-28
A5208,Image,6162.29,483301,0.0842,Brand Lift,2025-02-01,2025-02-28
A6110,Text,3276.6,631866,0.0787,Retargeting,2025-05-01,2025-05-28
A3365,Text,3082.67,789764,0.0719,Conversion,2025-01-01,2025-01-28
A3658,Text,6108.61,518288,0.1026,Conversion,2025-01-01,2025-01-28
A7579,Video,2108.44,470018,0.1029,Awareness,2025-02-01,2025-02-28
A9337,Image,3418.28,716764,0.0404,Awareness,2025-02-01,2025-02-28
A1350,Image,4037.51,679402,0.0748,Awareness,2025-03-01,2025-03-28
A9328,Video,2163.28,133927,0.0887,Brand Lift,2025-04-01,2025-04-28
A7977,Video,5104.74,596313,0.0629,Awareness,2025-02-01,2025-02-28
A1600,Video,5302.18,510295,0.0409,Retargeting,2025-02-01,2025-02-28
A8322,Text,752.07,678636,0.0808,Conversion,2025-05-01,2025-05-28
A1220,Image,1771.12,87812,0.0688,Awareness,2025-02-01,2025-02-28
A5404,Image,1151.32,339340,0.1024,Retargeting,2025-04-01,2025-04-28
A8839,Text,3540.88,260040,0.0814,Awareness,2025-01-01,2025-01-28
A5538,Image,4621.94,811411,0.1064,Retargeting,2025-03-01,2025-03-28
A5668,Video,7724.66,339939,0.0581,Conversion,2025-04-01,2025-04-28
A8951,Image,7472.85,652833,0.0404,Conversion,2025-04-01,2025-04-28
A4158,Image,4296.79,635766,0.0458,Retargeting,2025-03-01,2025-03-28
A6608,Text,7602.62,891945,0.0811,Retargeting,2025-05-01,2025-05-28
A4284,Video,6598.61,652819,0.06,Brand Lift,2025-04-01,2025-04-28
A8355,Video,4723.76,857369,0.0595,Retargeting,2025-04-01,2025-04-28
A6249,Text,5611.96,665332,0.109,Brand Lift,2025-01-01,2025-01-28
A7597,Text,2433.65,451261,0.0907,Conversion,2025-02-01,2025-02-28
A9847,Video,6501.21,482459,0.1164,Awareness,2025-03-01,2025-03-28
A5409,Video,2361.93,147527,0.0719,Retargeting,2025-01-01,2025-01-28
A2518,Video,4659.14,237155,0.0781,Retargeting,2025-02-01,2025-02-28
A7362,Image,7207.37,332146,0.0546,Conversion,2025-04-01,2025-04-28
A2022,Video,6028.34,296269,0.0988,Retargeting,2025-02-01,2025-02-28
A2366,Text,2219.06,311824,0.1069,Retargeting,2025-02-01,2025-02-28
A7637,Image,6342.04,175701,0.1136,Brand Lift,2025-05-01,2025-05-28
A6110,Video,549.68,617776,0.1166,Brand Lift,2025-03-01,2025-03-28
A9604,Image,5155.01,566256,0.1118,Retargeting,2025-04-01,2025-04-28
A5129,Image,1871.54,851387,0.1133,Retargeting,2025-04-01,2025-04-28
A4102,Video,2165.7,654677,0.0503,Brand Lift,2025-04-01,2025-04-28
A4602,Image,7547.41,84144,0.0802,Brand Lift,2025-02-01,2025-02-28
A4474,Text,3928.97,176215,0.0959,Brand Lift,2025-03-01,2025-03-28
A2317,Text,5669.08,62394,0.0939,Brand Lift,2025-05-01,2025-05-28
A4207,Video,1255.61,429167,0.089,Retargeting,2025-02-01,2025-02-28
A1131,Text,4614.23,298658,0.0616,Retargeting,2025-03-01,2025-03-28
A6287,Video,1879.35,494536,0.0568,Retargeting,2025-03-01,2025-03-28
A5777,Video,6907.45,343212,0.0761,Conversion,2025-05-01,2025-05-28
A2810,Video,5645.09,154721,0.0977,Conversion,2025-05-01,2025-05-28
A5673,Image,3741.64,449385,0.0557,Conversion,2025-04-01,2025-04-28
A7233,Text,6542.51,235186,0.0737,Conversion,2025-05-01,2025-05-28
A4256,Video,4504.87,381064,0.1028,Retargeting,2025-03-01,2025-03-28
A3668,Text,4716.04,645417,0.0438,Awareness,2025-02-01,2025-02-28
A1548,Text,950.27,316642,0.0781,Awareness,2025-04-01,2025-04-28
A7730,Image,6084.45,322387,0.0689,Retargeting,2025-03-01,2025-03-28
A8579,Text,648.77,177126,0.0681,Conversion,2025-05-01,2025-05-28
A3415,Image,4819.21,730663,0.0831,Retargeting,2025-03-01,2025-03-28
A9373,Text,2938.18,585239,0.079,Brand Lift,2025-01-01,2025-01-28
A5984,Text,3358.03,350441,0.0771,Conversion,2025-02-01,2025-02-28
A9033,Text,5304.35,403777,0.0737,Brand Lift,2025-01-01,2025-01-28
A8642,Text,1093.34,410317,0.0583,Retargeting,2025-03-01,2025-03-28
A3325,Video,5828.25,684792,0.0916,Retargeting,2025-04-01,2025-04-28
A3772,Video,6357.31,430805,0.0998,Brand Lift,2025-04-01,2025-04-28
A6540,Text,1754.89,74223,0.05,Conversion,2025-03-01,2025-03-28
A1818,Image,7553.28,784733,0.1,Conversion,2025-02-01,2025-02-28
A6452,Video,3477.84,150195,0.0451,Brand Lift,2025-05-01,2025-05-28
A9834,Text,903.69,858382,0.0718,Awareness,2025-01-01,2025-01-28
A6864,Image,2468.39,212816,0.0467,Brand Lift,2025-03-01,2025-03-28
A4157,Video,2220.17,823422,0.0627,Conversion,2025-02-01,2025-02-28
A1580,Text,4450.57,228895,0.0423,Retargeting,2025-03-01,2025-03-28
